자료구조,https://github.com/tony9402/baekjoon/tree/main/data_structure
트리,https://github.com/tony9402/baekjoon/tree/main/tree
수학,https://github.com/tony9402/baekjoon/blob/main/math
탐욕법,https://github.com/tony9402/baekjoon/blob/main/greedy
동적계획법,https://github.com/tony9402/baekjoon/blob/main/dynamic_programming_1
투포인터,https://github.com/tony9402/baekjoon/blob/main/two_pointer
구현,https://github.com/tony9402/baekjoon/blob/main/implementation
그래프탐색,https://github.com/tony9402/baekjoon/blob/main/graph_traversal
완전탐색,https://github.com/tony9402/baekjoon/blob/main/brute_force
시뮬레이션,https://github.com/tony9402/baekjoon/blob/main/simulation
이분탐색,https://github.com/tony9402/baekjoon/blob/main/binary_search
백트래킹,https://github.com/tony9402/baekjoon/blob/main/backtracking
분할정복,https://github.com/tony9402/baekjoon/blob/main/divide_and_conquer
누적합,https://github.com/tony9402/baekjoon/blob/main/prefix_sum
문자열,https://github.com/tony9402/baekjoon/blob/main/string
최단거리,https://github.com/tony9402/baekjoon/blob/main/shortest_path
위상정렬,https://github.com/tony9402/baekjoon/blob/main/topological_sorting
분리집합,https://github.com/tony9402/baekjoon/blob/main/disjoint_set
최소스패닝트리,https://github.com/tony9402/baekjoon/blob/main/minimum_spanning_tree
트라이,https://github.com/tony9402/baekjoon/blob/main/trie
트리디피,https://github.com/tony9402/baekjoon/blob/main/dynamic_programming_on_trees